﻿<parameters>
  <parameter name="IIS Web Application Name" defaultValue="OneVoucher" tags="IisApp">
    <parameterEntry kind="ProviderPath" scope="IisApp" match="^C:\\Users\\ShannonCode\\Documents\\Visual\ Studio\ 2013\\Projects\\WebApplication2\\WebApplication2\\obj\\Release\\Package\\PackageTmp$" />
    <parameterEntry kind="ProviderPath" scope="setAcl" match="^C:\\Users\\ShannonCode\\Documents\\Visual\ Studio\ 2013\\Projects\\WebApplication2\\WebApplication2\\obj\\Release\\Package\\PackageTmp$" />
  </parameter>
  <parameter name="DefaultConnection-Web.config Connection String" defaultValue="Data Source=(LocalDB)\v11.0;AttachDbFilename=C:\Users\ShannonCode\Documents\database.mdf;Integrated Security=True;Connect Timeout=30">
    <parameterEntry kind="XmlFile" scope="C:\\Users\\ShannonCode\\Documents\\Visual\ Studio\ 2013\\Projects\\WebApplication2\\WebApplication2\\obj\\Release\\Package\\PackageTmp\\Web\.config$" match="/configuration/connectionStrings/add[@name='DefaultConnection']/@connectionString" />
  </parameter>
  <parameter name="DefaultConnection_DatabasePublish-Web.config Connection String" description="DefaultConnection Connection String used by Entity Framework Code First Model to deploy the database." defaultValue="Data Source=(LocalDB)\v11.0;AttachDbFilename=C:\Users\ShannonCode\Documents\database.mdf;Integrated Security=True;Connect Timeout=30">
    <parameterEntry kind="XmlFile" scope="C:\\Users\\ShannonCode\\Documents\\Visual\ Studio\ 2013\\Projects\\WebApplication2\\WebApplication2\\obj\\Release\\Package\\PackageTmp\\Web\.config$" match="/configuration/connectionStrings/add[@name='DefaultConnection_DatabasePublish']/@connectionString" />
  </parameter>
</parameters>